component,layer,evidence,dimensions_mm
Crankcase main housing,01_Crankcase,ASSUMED packaging envelope,"{""start_mm"": [-52.0, 0, 0], ""end_mm"": [52.0, 0, 0], ""diameter_mm"": 136.0}"
Crankcase cylinder mounting neck,01_Crankcase,ASSUMED packaging envelope,"{""min_mm"": [-46, 45, -46], ""max_mm"": [46, 87, 46]}"
Cylinder jacket envelope,02_Cylinder,ASSUMED packaging envelope,"{""start_mm"": [0, 75, 0], ""end_mm"": [0, 157.25, 0], ""diameter_mm"": 94.0}"
Head envelope,03_Head,ASSUMED packaging envelope,"{""start_mm"": [0, 157.25, 0], ""end_mm"": [0, 189.25, 0], ""diameter_mm"": 94.0}"
Spark plug and boot envelope,03_Head,ASSUMED packaging envelope,"{""start_mm"": [0, 189.25, 0], ""end_mm"": [0, 225.25, 0], ""diameter_mm"": 22}"
8160DA piston proxy at TDC,04_Piston_and_Rod,"REPORT diameter 53.95 mm, pin-to-crown 28 mm; ASSUMED 20 mm skirt below pin and flat display crown","{""start_mm"": [0, 109.25, 0], ""end_mm"": [0, 157.25, 0], ""diameter_mm"": 53.95}"
WP032 pin envelope,04_Piston_and_Rod,REPORT pin OD 15 mm x length 45 mm; pin bore omitted,"{""start_mm"": [-22.5, 129.25, 0], ""end_mm"": [22.5, 129.25, 0], ""diameter_mm"": 15.0}"
P2018 rod centreline body proxy,04_Piston_and_Rod,WORKING 102 mm centres; ASSUMED body diameter 12 mm,"{""start_mm"": [0, 27.25, 0], ""end_mm"": [0, 129.25, 0], ""diameter_mm"": 12}"
Rod big-end outer envelope,04_Piston_and_Rod,ASSUMED outer eye geometry; not bearing fit,"{""start_mm"": [-8.5, 27.25, 0], ""end_mm"": [8.5, 27.25, 0], ""diameter_mm"": 38}"
Rod small-end outer envelope,04_Piston_and_Rod,ASSUMED outer eye geometry; not bearing fit,"{""start_mm"": [-8.5, 129.25, 0], ""end_mm"": [8.5, 129.25, 0], ""diameter_mm"": 24}"
CS2018 web proxy -30,05_Crankshaft,ASSUMED visualization only; no verified CS2018 web dimensions,"{""start_mm"": [-30, 0, 0], ""end_mm"": [-10, 0, 0], ""diameter_mm"": 110.0}"
CS2018 web proxy 10,05_Crankshaft,ASSUMED visualization only; no verified CS2018 web dimensions,"{""start_mm"": [10, 0, 0], ""end_mm"": [30, 0, 0], ""diameter_mm"": 110.0}"
Crankpin proxy,05_Crankshaft,CALCULATED 27.25 mm throw; ASSUMED pin diameter 20 mm,"{""start_mm"": [-10, 27.25, 0], ""end_mm"": [10, 27.25, 0], ""diameter_mm"": 20}"
Drive shaft proxy,05_Crankshaft,ASSUMED packaging envelope,"{""start_mm"": [-100, 0, 0], ""end_mm"": [-30, 0, 0], ""diameter_mm"": 24}"
Rotor shaft proxy,05_Crankshaft,ASSUMED packaging envelope,"{""start_mm"": [30, 0, 0], ""end_mm"": [83, 0, 0], ""diameter_mm"": 24}"
Main bearing envelope -48,05_Crankshaft,ASSUMED bearing envelope; designation discrepancy unresolved,"{""start_mm"": [-55, 0, 0], ""end_mm"": [-41, 0, 0], ""diameter_mm"": 48}"
Main bearing envelope 48,05_Crankshaft,ASSUMED bearing envelope; designation discrepancy unresolved,"{""start_mm"": [41, 0, 0], ""end_mm"": [55, 0, 0], ""diameter_mm"": 48}"
Reed cage and mounting block,06_Intake_and_Reed,ASSUMED packaging envelope,"{""min_mm"": [-30, -108, -25], ""max_mm"": [30, -65, 25]}"
Throttle body envelope,07_EFI_Fuel_Hardware,ASSUMED packaging envelope,"{""start_mm"": [0, -108, 0], ""end_mm"": [0, -158, 0], ""diameter_mm"": 48.0}"
Air inlet elbow envelope,06_Intake_and_Reed,ASSUMED packaging envelope,"{""start_mm"": [0, -158, 0], ""end_mm"": [50, -158, 0], ""diameter_mm"": 48}"
Injector envelope location option,07_EFI_Fuel_Hardware,ASSUMED port-injection location option; injection architecture unresolved,"{""start_mm"": [0, -123, 17], ""end_mm"": [0, -123, 60], ""diameter_mm"": 18}"
UNPLACED fuel pump envelope,91_Unplaced_EFI_Accessories,ASSUMED packaging envelope,"{""start_mm"": [100, -103, 10], ""end_mm"": [175, -103, 10], ""diameter_mm"": 38}"
UNPLACED fuel filter envelope,91_Unplaced_EFI_Accessories,ASSUMED packaging envelope,"{""start_mm"": [100, -148, 10], ""end_mm"": [145, -148, 10], ""diameter_mm"": 28}"
UNPLACED fuel regulator envelope,91_Unplaced_EFI_Accessories,ASSUMED packaging envelope,"{""start_mm"": [165, -148, -7], ""end_mm"": [165, -148, 27], ""diameter_mm"": 36}"
Flywheel rotor envelope,08_Flywheel,ASSUMED packaging envelope,"{""start_mm"": [60, 0, 0], ""end_mm"": [85, 0, 0], ""diameter_mm"": 100.0}"
Brushless starter envelope,09_Starter,ASSUMED packaging envelope,"{""start_mm"": [48, -72, -35], ""end_mm"": [128, -72, -35], ""diameter_mm"": 60.0}"
Starter reduction and freewheel enclosure,09_Starter,ASSUMED packaging envelope,"{""min_mm"": [81, -85, -50], ""max_mm"": [108, -30, 10]}"
Pump coupling envelope,11_Mounts_and_Coupling,ASSUMED packaging envelope,"{""start_mm"": [-125, 0, 0], ""end_mm"": [-100, 0, 0], ""diameter_mm"": 48}"
Mount rail -48,11_Mounts_and_Coupling,ASSUMED packaging envelope,"{""min_mm"": [-58, -58, -77], ""max_mm"": [58, -38, -62]}"
Mount rail 48,11_Mounts_and_Coupling,ASSUMED packaging envelope,"{""min_mm"": [-58, 38, -77], ""max_mm"": [58, 58, -62]}"
"Mount isolator (-38, -48)",11_Mounts_and_Coupling,ASSUMED packaging envelope,"{""start_mm"": [-38, -48, -90], ""end_mm"": [-38, -48, -77], ""diameter_mm"": 24}"
"Mount isolator (-38, 48)",11_Mounts_and_Coupling,ASSUMED packaging envelope,"{""start_mm"": [-38, 48, -90], ""end_mm"": [-38, 48, -77], ""diameter_mm"": 24}"
"Mount isolator (38, -48)",11_Mounts_and_Coupling,ASSUMED packaging envelope,"{""start_mm"": [38, -48, -90], ""end_mm"": [38, -48, -77], ""diameter_mm"": 24}"
"Mount isolator (38, 48)",11_Mounts_and_Coupling,ASSUMED packaging envelope,"{""start_mm"": [38, 48, -90], ""end_mm"": [38, 48, -77], ""diameter_mm"": 24}"
Exhaust envelope segment 01,10_Exhaust,"ASSUMED segmented routing and volume only; not tuned, wall thickness and water protection unresolved","{""start_mm"": [0, 110, 15], ""end_mm"": [-65, 110, 15], ""radii_mm"": [14, 14]}"
Exhaust envelope segment 02,10_Exhaust,"ASSUMED segmented routing and volume only; not tuned, wall thickness and water protection unresolved","{""start_mm"": [-65, 110, 15], ""end_mm"": [-180, 110, 15], ""radii_mm"": [14, 40]}"
Exhaust envelope segment 03,10_Exhaust,"ASSUMED segmented routing and volume only; not tuned, wall thickness and water protection unresolved","{""start_mm"": [-180, 110, 15], ""end_mm"": [-320, 110, 15], ""radii_mm"": [40, 40]}"
Exhaust envelope segment 04,10_Exhaust,"ASSUMED segmented routing and volume only; not tuned, wall thickness and water protection unresolved","{""start_mm"": [-320, 110, 15], ""end_mm"": [-420, 110, 15], ""radii_mm"": [40, 12]}"
Exhaust envelope segment 05,10_Exhaust,"ASSUMED segmented routing and volume only; not tuned, wall thickness and water protection unresolved","{""start_mm"": [-420, 110, 15], ""end_mm"": [-520, 110, 15], ""radii_mm"": [12, 12]}"
Exhaust envelope segment 06,10_Exhaust,"ASSUMED segmented routing and volume only; not tuned, wall thickness and water protection unresolved","{""start_mm"": [-520, 110, 15], ""end_mm"": [-642.3055200414962, 110, 15], ""radii_mm"": [12, 12]}"
Silencer envelope,10_Exhaust,ASSUMED packaging envelope,"{""start_mm"": [-520, 110, 15], ""end_mm"": [-420, 110, 15], ""diameter_mm"": 60}"
Plug removal allowance,90_Service_Allowances,ASSUMED service allowance 60 mm; not approved clearance,"{""start_mm"": [0, 225.25, 0], ""end_mm"": [0, 285.25, 0], ""diameter_mm"": 36}"
Starter removal allowance,90_Service_Allowances,ASSUMED packaging envelope,"{""min_mm"": [128, -102, -65], ""max_mm"": [208, -42, -5]}"
