variant,section,start_mm,end_mm,length_mm,start_ID_mm,end_ID_mm
jacketed,header_including_engine_duct,0,180,180,30,30
jacketed,diffuser,180,437.1761768121302,257.1761768121302,30,75.0
jacketed,belly,437.1761768121302,494.18423407044764,57.00805725831742,75.0,75.0
jacketed,baffle,494.18423407044764,655.8157659295523,161.6315318591047,75.0,18
jacketed,stinger,655.8157659295523,871.8157659295523,216.0,18,18
dry_comparison,header_including_engine_duct,0,210,210,30,30
dry_comparison,diffuser,210,531.7649907760183,321.76499077601835,30,75.0
dry_comparison,belly,531.7649907760183,550.2726481226916,18.507657346673312,75.0,75.0
dry_comparison,baffle,550.2726481226916,753.0606852106416,202.78803708794993,75.0,18
dry_comparison,stinger,753.0606852106416,969.0606852106416,216.0,18,18
